true,pred_RF_RF_Top10,pred_RF_RF_Top70,pred_RF_RF_Top103,pred_RF_XGB_Top10,pred_RF_XGB_Top70,pred_RF_XGB_Top72,pred_RFE_RF_RF_Top10,pred_RFE_RF_RF_Top70,pred_RFE_RF_RF_Top74,pred_RFE_RF_XGB_Top10,pred_RFE_RF_XGB_Top42,pred_XGB_RF_Top10,pred_XGB_RF_Top70,pred_XGB_RF_Top130,pred_XGB_RF_Top185,pred_XGB_XGB_Top10,pred_XGB_XGB_Top49,pred_RF_XGB_RF_Top10,pred_RF_XGB_RF_Top70,pred_RF_XGB_RF_Top111,pred_RF_XGB_XGB_Top10,pred_RF_XGB_XGB_Top20
348.6517484,218.35238747499997,275.4656513940001,288.07813082999996,223.64373779296875,275.35076904296875,264.62200927734375,228.732324558,277.54525208600006,281.3734062520001,190.8971710205078,298.60791015625,230.57107678699998,278.94863562000006,265.42204259799996,266.9085787050001,236.7681884765625,319.0352478027344,221.0471810560001,248.00262101400003,284.156884732,220.12033081054688,229.19908142089844
353.6715653,325.500818048,302.4900962969999,301.06861549499996,330.9186706542969,354.0522155761719,320.5882568359375,326.18002201900003,317.52980229900004,317.8149482419999,295.9568786621094,357.594970703125,317.0815246870003,317.252862938,326.215482433,314.8548911909999,313.6750183105469,306.7712707519531,304.569811611,300.988314515,325.83051359499996,299.7064514160156,302.5432434082031
116.7693462,112.52351438160011,114.34772485610003,108.7837517397001,125.83740997314453,116.42375183105469,103.41630554199219,117.38999617270005,108.94888107030006,110.0528688998001,134.2529754638672,103.25792694091797,111.70222032680009,113.13146524609998,103.28337329530001,103.09762828630002,122.64825439453125,107.44612884521484,115.66478994040004,116.16763819130007,109.23054838950007,123.4514389038086,126.71935272216797
124.7697982,76.89197874800007,91.96971095130004,90.78927317320002,107.6070785522461,89.9281234741211,88.36903381347656,92.07174419490006,92.55248419760007,95.00121865520006,149.1911163330078,116.99227905273438,79.24639833210007,81.80175415350003,96.81880647089996,100.43607849180002,115.13018798828125,104.49024200439453,74.27462158560006,96.32103090790004,92.00832109510003,108.0982894897461,114.32691192626953
202.9024545,350.8251183749999,311.81805666899993,300.8989640139999,372.8811950683594,257.9653015136719,335.86962890625,352.69943592799996,287.4047774359999,289.5992984995999,369.0191650390625,340.5508728027344,345.258189544,297.17091222499994,291.2414708009999,310.8698571409999,303.8924560546875,298.4411926269531,346.9731689539998,306.67051956700004,288.79028468100006,359.9599914550781,404.6694641113281
370.0980554,371.20609484499977,413.34580634439953,428.7059656013997,286.8472595214844,397.6106872558594,426.1114807128906,376.1746117729999,426.9446435433997,441.59757419239963,304.4177551269531,469.74176025390625,409.58037067499953,412.8625314646997,417.36000401899963,422.67309445599966,332.5892639160156,365.7396240234375,372.6336946259996,420.88074855339977,451.1870558233999,311.80718994140625,347.2728576660156
455.8287867,581.2552752570004,504.97723699100027,528.2358862580003,613.9498901367188,450.7351379394531,440.77435302734375,531.2115161490004,526.8098291020002,532.8576755690001,646.5896606445312,461.39056396484375,478.8741086120001,509.5906764360001,489.8572376460002,495.1719205260002,495.928466796875,459.0342102050781,547.9448972100004,507.7598463010002,510.7854511950002,603.6278076171875,442.9217224121094
302.8587017,306.02994471600005,304.6447399440001,319.07526059899993,301.42523193359375,295.4668273925781,341.2718811035156,281.9738905540001,322.748257763,318.5161208409999,315.46075439453125,325.83099365234375,279.040548424,324.798185617,318.92233508500004,320.77593985199996,297.11846923828125,327.5780944824219,294.2443597949999,315.963214442,319.77161593200003,291.2278747558594,291.1522521972656
122.0212151,177.78683610899992,184.7256028415999,182.63117156299995,188.07156372070312,192.87271118164062,175.46815490722656,171.25905148860005,180.50158178589993,175.76855590019994,193.34475708007812,189.30335998535156,199.16810503500008,184.99053236099996,197.065377002,192.5194936107999,156.1571044921875,193.79776000976562,187.86990851399997,182.10664175399995,185.6786380509999,232.22718811035156,235.22109985351562
244.7428789,273.9916413450001,281.17798856999997,266.277362421,299.59332275390625,322.2675476074219,303.73736572265625,297.90146751399993,277.45860771599996,275.805600835,329.5461120605469,267.2445068359375,252.95248025299992,264.66651715499995,258.51589799,282.893683544,266.0487365722656,281.34454345703125,261.24329662099996,291.369395568,270.032256959,284.5875549316406,258.59246826171875
152.3523469,188.93718726799997,180.95014690499997,182.00900383099994,226.78726196289062,134.98843383789062,157.23086547851562,186.58552452300006,176.45052091559998,178.966729811,190.13348388671875,170.66566467285156,191.73920289100002,185.55185490300002,179.9227028140001,181.83443057600002,179.9114990234375,183.73965454101562,195.17128390300005,179.54253390299996,181.37628265400002,225.33119201660156,193.2740936279297
166.4741549,199.32106872839987,186.529351331,180.31737182860002,189.86627197265625,161.65386962890625,182.75201416015625,192.08635629399996,196.06992508159988,194.06576479459986,195.8584442138672,180.3473663330078,185.08078782300004,184.76399933659997,188.30151450999992,190.93733185559995,195.82101440429688,180.33248901367188,199.54643561999987,184.646727131,184.9842666160999,195.2220001220703,181.64212036132812
243.2421986,371.2279995899997,446.64454867799975,436.19141388900005,397.0536804199219,400.5440673828125,415.4046325683594,375.77443277899977,435.9317565859998,436.7652790453998,439.5225830078125,457.4244384765625,418.6773959869998,425.1068987949999,429.94424441099966,438.79304109699973,423.5085144042969,322.1205749511719,371.01080432399976,434.1999341379997,445.19733138699996,458.65106201171875,389.943115234375
221.3926438,268.892575604,291.3835218070001,250.42071725300008,256.5755920410156,296.3587646484375,263.75848388671875,269.87676767600004,267.77655368700016,265.8197999550001,278.2476501464844,243.5386505126953,269.12399315000016,258.17321258600015,280.5173530410001,272.0686801420002,229.62380981445312,236.72276306152344,281.39011944700013,261.95620080800006,269.094266783,272.41259765625,267.7405700683594
475.4716879,396.94155565599993,344.4525941559998,336.8038693349999,428.39410400390625,308.2497863769531,394.2095947265625,371.09479934899986,366.4404118549999,369.77180664099984,427.36810302734375,365.2298889160156,416.9654370089998,366.98595213899983,366.5384720920002,371.25016410899997,389.2547912597656,300.6513366699219,422.77715074699984,332.58164545299996,364.81136129299995,367.9892272949219,356.11260986328125
229.3480963,186.46548227800008,202.33036052199995,196.29815700799998,192.4695587158203,234.80233764648438,209.52320861816406,186.75036810600005,196.196107812,197.784125919,209.68585205078125,211.62635803222656,183.0165252019999,197.65475624900003,190.45012062900005,189.57653950600005,192.10714721679688,214.35267639160156,185.73003088199997,196.03623086200008,200.23270571300006,188.7120819091797,221.53858947753906
58.07270782,123.4793044344,137.29585553009997,133.64357884680004,85.82363891601562,110.0067138671875,118.47382354736328,132.60948330579993,134.56174750690005,131.5016684047,121.55998229980469,109.24873352050781,138.32341107920007,136.20869112590003,126.19981599380004,123.35185153700002,108.28590393066406,144.0058135986328,127.58187894740006,131.40518387260002,133.87149126640006,103.0108642578125,114.58077239990234
72.09316904,119.86802385869987,118.98044731549993,117.5396141359,126.98226928710938,120.60308074951172,128.79844665527344,121.57725120859993,118.79201986539996,116.94524051179995,122.54757690429688,116.43555450439453,119.99779543279996,122.46702873139989,121.99985012179985,124.6560000465999,133.63882446289062,110.36898803710938,119.37713261979991,123.80641005679985,119.59494222929999,111.8423080444336,121.66680908203125
324.7719905,379.6507999009999,355.9487597819997,353.72808539299984,377.1787414550781,433.68792724609375,463.32049560546875,379.097828553,358.30525897899986,356.04054929899974,363.15911865234375,441.9048156738281,346.31692519299986,343.3006284029996,356.60713517999966,358.12652502199984,353.2474060058594,363.4723815917969,384.12899662399997,356.5754935909999,356.92241294299987,406.8885498046875,370.3739318847656
948.977025,792.3061922110003,813.5435605210001,795.2326431250002,848.586181640625,766.0779418945312,626.3575439453125,787.7984768590002,790.460342931,801.0619212230001,838.32421875,754.3389282226562,777.3604779530001,764.205598104,792.7200168839997,803.8434445629999,847.6259155273438,828.0175170898438,801.4246124910003,809.8298049130003,797.5263579470004,824.7733764648438,817.9842529296875
113.7713704,197.61628473939993,160.86259810990006,164.48836679199997,241.6593475341797,196.6134033203125,169.38967895507812,192.33612219999995,162.825913487,167.68133295819996,248.47515869140625,143.0481414794922,183.81220379499985,156.93959801009996,150.02861108810004,146.02004953700006,197.28720092773438,175.25811767578125,200.6319591487999,150.9827836909,159.96523618950002,214.7759246826172,202.51991271972656
493.0337001,637.0992328140006,617.4880330920004,608.7396204690003,705.8157958984375,670.8383178710938,655.6747436523438,632.9933503990005,599.0233229970004,599.9750854300004,704.0462646484375,639.7294921875,620.6138340680004,606.5031377880003,603.5181031310002,595.5250887770003,656.1680908203125,629.3800048828125,629.9507647800007,618.1752146040006,615.3272240640003,730.4223022460938,645.6240844726562
350.1383859,280.10852885699984,314.5463351919999,323.6621316710001,257.5487365722656,274.1982116699219,290.89361572265625,277.074957742,322.009213158,327.224524765,244.2893829345703,293.61175537109375,269.52748675599975,320.35480126599987,325.8993179239999,327.45644952799995,265.08209228515625,310.1225280761719,268.46921664899986,315.78740086399995,332.5520057449999,226.22764587402344,273.0372314453125
319.5473499,312.16468928200004,276.272820498,273.0953428660001,340.83294677734375,279.534423828125,261.22174072265625,286.87342413700003,254.84106939800017,255.0633657140001,254.40020751953125,268.6494140625,288.64588979100006,271.89147429200017,268.9291881160002,278.00623764700015,248.3404998779297,249.75794982910156,304.01731793700003,286.426114879,263.94510932599997,296.3890075683594,294.62457275390625
163.1306144,93.65736129410003,99.00442611010004,96.4575997271,90.85787200927734,91.59138488769531,95.10292053222656,100.59524820040001,113.77441859390008,106.71408000270009,113.066162109375,108.97001647949219,93.53933278209998,105.11982867600005,100.18902925120004,109.80724762200005,93.69155883789062,87.6595458984375,89.44035952230007,99.11214590040007,100.89342084190008,89.93728637695312,86.9373779296875
289.2710381,292.58979834700006,326.94248995700025,312.92045263700027,349.8970947265625,327.91705322265625,341.31475830078125,265.489206809,322.9394345040001,327.6106792820001,251.07418823242188,374.7553405761719,275.09437192600006,330.8246815800001,322.8171247650001,308.48417692600003,275.4232177734375,331.38885498046875,269.00549419500015,309.1662337160001,319.19610394300025,269.0012512207031,282.9787902832031
230.6752471,255.55164551200002,287.3189315569999,269.993934169,238.54701232910156,291.78448486328125,287.3124694824219,298.10620677100013,264.29133202099996,271.01494542799986,323.3770446777344,242.8006591796875,277.24620136400006,266.66417346799994,268.26571246299994,259.3803921909998,245.29376220703125,296.1291809082031,257.5051344760001,285.606887861,264.6762880109999,244.17987060546875,303.2851867675781
280.8268391,335.8160715699997,346.7076950029998,341.647733513,352.90728759765625,349.83673095703125,339.4029541015625,331.618527835,334.43001541999985,335.4662996800001,334.5954895019531,318.46209716796875,310.69955497600006,338.73210036399985,337.567777236,331.62201147499997,315.2038879394531,351.0177917480469,335.6557556349998,342.74073818199986,342.0779262899999,334.0095520019531,298.2899475097656
281.4889158,252.27715664200022,249.06751842700007,244.2311520290001,283.2061767578125,257.8672180175781,258.8006286621094,251.88091997200002,235.43412707500008,235.08716695900014,245.29812622070312,235.34039306640625,257.52197757,233.0662325530001,238.731543377,244.55866051699996,284.03057861328125,226.23968505859375,254.3789235660002,240.80760600700003,235.41476809300005,273.0755310058594,295.2783508300781
305.0141482,260.95396986899993,291.63867611999984,289.6510064270001,214.98672485351562,307.2479553222656,300.1647033691406,257.37575034299994,281.88116314199993,281.68725915299984,234.54164123535156,296.52880859375,264.767446466,297.366205708,294.6238054049999,292.1198036729999,227.53797912597656,299.76519775390625,270.0835134090001,299.1856990889999,278.8356968569999,230.96725463867188,259.0328063964844
131.5103955,331.8258751929999,339.819259446,312.9542028449998,339.0033874511719,343.690673828125,302.74072265625,343.28072199500014,329.36457312499994,326.82677908499977,338.42645263671875,304.5910949707031,361.1057069509999,320.89907746199987,325.93812794999974,327.1794149549998,340.25341796875,280.80621337890625,366.56985202599986,330.12576630599983,326.1064593659999,333.7928771972656,308.0001525878906
367.9543445,272.122339573,244.31583973300002,235.672008255,298.8419494628906,200.63902282714844,232.2770233154297,243.74521960400008,226.14285200399993,232.89687421800005,244.78515625,240.66201782226562,238.1979938879999,235.63868643200004,230.6762471680001,232.57211559000004,222.8955535888672,224.40223693847656,251.7977045480001,218.00579836100005,229.66301445800008,284.8609924316406,210.57115173339844
284.6393723,280.665232913,293.72454713099995,294.324823255,255.2511749267578,284.2784118652344,300.2760314941406,294.31166199899985,294.72755423800004,296.791334351,311.9809875488281,267.620361328125,312.7285016639999,300.37155942099986,305.22438257500005,301.81677094200006,238.43426513671875,280.4855651855469,304.18842446499974,275.31740347499994,296.459790566,254.23326110839844,264.8873291015625
292.7823599,279.1868843609998,328.2569567100001,328.20478247700026,294.8716125488281,303.1219787597656,311.4430236816406,297.67070355,332.822380648,336.90679261100007,281.283447265625,326.0353088378906,293.17453968699994,324.72613851899985,332.6024667960001,332.50071411499994,278.96343994140625,324.6375732421875,285.4871423969999,331.55801430399987,330.49620792700006,279.92413330078125,278.8708190917969
211.3160755,452.076231998,450.886652856,435.0442414179998,403.67755126953125,491.93682861328125,445.2765197753906,420.987742565,438.05314850799994,423.17702996299994,401.14276123046875,445.067138671875,409.871026501,430.3825602209997,441.36643028799983,428.49908667999995,416.1530456542969,450.20477294921875,401.3176658509999,449.8639648479997,433.4360109259998,413.4132080078125,439.21466064453125
59.32734412,93.79380406560003,97.01233060800003,98.41362289350003,97.78996276855469,83.23977661132812,92.7457046508789,93.53534313640003,98.03341601009997,99.16157315459995,96.94141387939453,97.3025131225586,97.82043831730002,89.59576958029997,96.75518660749998,94.38742446439997,99.70265197753906,114.20105743408203,94.12772936600008,94.7710866856,97.91711861190004,97.6382827758789,92.23933410644531
268.8377787,294.87322578599986,327.8208690989999,310.6549103849999,342.2547912597656,299.7622985839844,332.36676025390625,304.07160293599986,305.9698076559998,310.9491443949999,354.0063781738281,330.22467041015625,314.65316800099976,333.3165281339997,321.35359556099985,317.05041692699984,344.12066650390625,325.8371887207031,311.4968453449998,315.28938291299994,316.0948097589998,370.0905456542969,330.0108947753906
269.7169914,233.6581727399999,227.05637784400014,248.120290431,228.546630859375,233.04763793945312,247.87156677246094,231.1357212480001,239.88034226099998,240.44276502999998,221.785400390625,231.69126892089844,219.977637328,252.1690907629999,246.28425974299986,246.80146111999983,209.7567138671875,203.40582275390625,241.46073191,236.84937808100003,238.7381281270001,260.34808349609375,232.16549682617188
2.83183392,35.825062530799975,47.61037824399998,48.6745063687,19.726226806640625,107.64929962158203,89.64645385742188,40.30308965059997,44.58386188909998,43.90881510549999,115.72138214111328,139.70257568359375,38.97020737319998,49.116020403999975,39.69121764139997,37.700750384399996,119.36176300048828,121.71350860595703,34.367120550899976,44.27938171189999,44.52060165329999,19.98920440673828,114.76974487304688
324.1584639,289.27852766300015,287.9841915279999,285.818029831,250.30075073242188,280.802978515625,293.48590087890625,281.86229305099994,284.94541847599993,281.233703398,271.5843505859375,274.33416748046875,287.7683559460001,287.18161583500006,280.0864028129999,281.65695695799985,259.1366271972656,284.5382995605469,280.49839159700025,290.79143419400003,283.10657842000006,258.1751403808594,233.68064880371094
315.3949881,343.9371916949999,321.06921800499987,319.1238046349999,383.60797119140625,306.0211181640625,323.99774169921875,318.91148310399984,317.34692163499983,320.3416674129999,330.6770324707031,303.3376770019531,349.32494611400006,325.4420766999998,314.57702616599994,323.74974240299986,364.8931579589844,324.5970458984375,354.705717023,328.00874702899984,307.9338489659997,378.5589599609375,343.8193359375
235.2479006,272.03127680400013,245.3534018519999,236.93070795199984,266.312744140625,219.43235778808594,211.71658325195312,270.198028112,241.11728514599997,241.38366448499994,218.95819091796875,272.24530029296875,259.3759054670001,241.29573284000003,239.84260751699992,247.32411425599994,275.40960693359375,265.1304016113281,252.84500140299994,247.51970033299997,243.20220804200002,256.7933349609375,245.56626892089844
175.7674195,256.81233971000006,231.22724391439996,234.95163502420016,269.3258361816406,197.94473266601562,217.35548400878906,230.30335101900008,245.35322320320017,241.6704908952002,261.94647216796875,225.4766387939453,257.8705740220002,245.53688993999992,269.19786055900005,255.1565720461999,268.1786804199219,249.1331329345703,225.81365799000014,245.97141612100012,244.56942901600007,194.2837677001953,258.05548095703125
178.2952488,175.04388186019997,177.25230980189997,169.69055485119992,146.96087646484375,218.5687713623047,227.7702178955078,183.41841887780006,165.37113830949994,174.7819068703999,169.1639404296875,158.0946502685547,163.38027344980003,168.45349839500003,181.0576715728,185.35131331559995,189.60665893554688,167.03155517578125,175.3176712014,187.46815075690003,176.83597417879992,174.45155334472656,175.47872924804688
201.4739311,184.89546195800003,177.34830585699999,182.1863698739999,203.11834716796875,186.76751708984375,198.03970336914062,176.610807859,184.72339445659992,185.19256181780003,192.42379760742188,189.16351318359375,196.02921483200006,183.76023298260003,189.06011771459998,183.20362918020004,193.99203491210938,182.90821838378906,208.99173443099988,181.118113747,179.72220558179998,207.43023681640625,188.95132446289062
241.8566974,281.9289572839998,280.29247919199986,315.7959305159998,284.63128662109375,254.3319549560547,284.46875,296.56625639099957,320.6044440819998,323.8207053759997,295.01934814453125,245.0330352783203,293.7160409569996,303.6025082359998,308.2822427899997,309.9109548699997,290.322998046875,233.90853881835938,299.3305089979997,286.0691363979999,313.74326719199973,305.7444763183594,309.16070556640625
249.1275934,150.8414006082001,172.2517418000001,179.94143290700006,164.01873779296875,161.8633575439453,160.0242156982422,160.7796043970001,171.91632744699996,173.487185391,132.3235321044922,178.3251495361328,168.37930209200005,173.97937336440012,174.13940362999998,172.7204295706,150.27085876464844,180.7332000732422,148.19238256700007,171.681545437,182.06422129540005,135.0540008544922,158.6155548095703
58.49562496,155.8211691248999,163.0248322679999,158.72918915519992,182.2061309814453,164.8814239501953,167.32484436035156,171.41364566449988,164.67326769119995,162.7952221696999,187.2874755859375,132.55848693847656,164.40833265109995,160.72296226069994,158.77618382869997,151.00309923859993,194.5360107421875,191.4945526123047,154.98854595299989,159.62001570999996,158.5450486517999,186.23382568359375,170.03704833984375
142.715282,246.27725850999985,220.9333316519998,225.76851290399986,247.23204040527344,261.06927490234375,208.89610290527344,247.19313540599987,218.74070300099996,217.50980681999997,294.4525146484375,264.97882080078125,252.0918083739997,225.86784599599997,219.4979403219998,227.6730638929999,247.374755859375,233.301513671875,229.92852089499985,232.99632195299975,221.8054879799999,236.45956420898438,278.5596008300781
79.19279491,92.6705259739,110.52080362769998,104.7455910009,89.38966369628906,86.48275756835938,96.62657165527344,102.76517458150005,106.82219272170005,98.63141389820001,76.83137512207031,101.7197036743164,100.94363489660003,101.20434120390004,101.95051144760001,104.97018948010002,90.2317123413086,114.01533508300781,100.79195742330003,110.65873380250005,103.13349516959997,92.87521362304688,66.600341796875
771.7157234,827.4608225169999,847.3617052780003,843.30309334,865.9650268554688,841.8214721679688,852.1740112304688,848.6538704210002,836.0879912510001,838.449286005,854.5970458984375,872.25927734375,860.9063574130004,840.630836335,800.7652917820003,811.450831161,832.1621704101562,908.3351440429688,826.0588022050002,846.9594989800003,844.6234614900002,824.8462524414062,810.1427612304688
500.464988,516.5115000230002,482.21129990300017,477.7938618339999,499.89837646484375,461.49859619140625,464.6780700683594,536.2572290930005,482.36341867499993,485.780310778,558.650634765625,492.046142578125,438.6368572519999,449.7198277779998,442.14871380700004,457.9655077080001,467.76202392578125,410.40380859375,461.75056064100005,476.15336290999994,459.7197964039998,476.8116760253906,365.0094299316406
263.6100765,306.3938311479999,286.39785299500005,311.383164139,298.6185607910156,300.8777160644531,316.7554016113281,276.3825429429999,309.08205921499996,308.22095205399995,257.793212890625,272.1100158691406,246.30739471400003,314.70877719300006,298.6787502279999,311.0699692189999,234.69297790527344,303.2732849121094,250.81700490699998,292.732822474,302.56749926699996,241.7285614013672,256.43353271484375
153.5138232,278.711598576,292.834669981,298.92024751599996,278.581298828125,275.7880859375,266.36474609375,297.250016174,296.39250683499995,293.63702763500004,288.7559814453125,268.7735290527344,292.3718353189999,279.188604758,281.4880542429999,291.4138518259999,272.3172607421875,246.2609405517578,284.7795907270001,284.679892836,283.8568006489999,280.1860656738281,266.2110290527344
357.0719701,317.8421160839998,329.4425508279999,325.64611926899977,358.8116149902344,381.3172607421875,385.3974609375,320.26340182799976,339.0717438469999,335.6467743249998,326.9457702636719,363.8844909667969,323.73262501799985,330.059577155,323.70956127399995,318.56040886800014,323.59130859375,325.0656433105469,324.8160993699999,324.8402644069999,318.02937993399996,311.3712463378906,354.4320983886719
279.1525844,194.09503958999994,221.22891488099995,224.44456698099995,191.7701873779297,218.7455596923828,211.3590545654297,206.33292156900004,200.815311048,203.20268101499997,236.8303985595703,229.34844970703125,228.89264460900003,212.92474749899992,213.0433616266001,214.25472994540007,221.67233276367188,211.8980255126953,190.84723285600003,217.26128703599997,218.28597660299994,195.82887268066406,243.38751220703125
253.6950274,286.46327638299977,283.4929071229998,270.62523226899987,248.35494995117188,295.6358947753906,255.94151306152344,281.6862343229997,262.3590611709999,262.53466350499986,255.54783630371094,256.8662414550781,332.82069916199976,272.7042582599999,274.1030788269999,275.5390497149998,289.1435852050781,283.2718200683594,308.84274877799976,289.70125883599985,273.4549032119998,283.80401611328125,278.15380859375
432.5180826,407.5614596909999,415.8836488610002,414.24495048200015,403.337158203125,367.25164794921875,320.3770446777344,424.85420649000014,415.745249267,411.4885192479998,400.3345642089844,304.91912841796875,424.64641690000013,471.7178940050002,452.1280638680001,466.10599801100017,452.44989013671875,354.2953796386719,428.249297792,427.65723849600005,430.3828272310002,422.73883056640625,468.53466796875
366.0724073,379.28461925199997,342.771593343,370.12740410499987,327.39300537109375,267.85028076171875,320.39453125,393.01333895599987,356.67942311699994,357.05342697599974,345.1729736328125,315.96417236328125,401.34241492499984,349.223559259,355.75102420100006,349.1537927950001,396.6352233886719,338.2497863769531,401.46052302299984,370.65543110299984,360.17764539399985,391.93865966796875,370.23443603515625
48.30376204,114.80937265059994,107.89918557860001,116.14766313479998,114.80490112304688,109.31869506835938,113.8750228881836,116.16814519779992,121.51554335779996,120.37229824639991,122.74734497070312,114.68397521972656,114.36477393399996,113.30615664649999,122.35511550759995,124.26075950879994,119.08010864257812,110.06597900390625,107.9914691793999,114.48662223779993,115.22763980219996,126.53475189208984,119.78079986572266
134.9262568,302.56363448899975,292.04688192,287.6719845609999,322.3326416015625,233.07029724121094,248.54824829101562,322.11949920299975,298.5772472069999,295.9608266669999,306.7336120605469,272.0712890625,262.08629089899983,275.5681126669999,284.951153993,277.5279435929999,245.1200408935547,221.59982299804688,258.019381653,290.77679510999985,285.258155878,247.79473876953125,274.53753662109375
342.0016927,415.1603445780001,483.13826219700013,495.4774206169997,451.923828125,463.259033203125,396.2728576660156,442.30967427900026,492.9547007560001,493.85538378700016,390.46856689453125,518.1974487304688,491.07222241800014,500.03172338599984,502.78927905599994,505.29534131099985,507.79779052734375,460.75164794921875,466.27459271200047,489.2796370970001,509.157112314,474.90887451171875,476.8796081542969
203.8288868,290.6342376029999,290.1455618000001,277.7360130070001,261.774658203125,287.40631103515625,266.96917724609375,274.039421821,265.286594901,271.39177045099996,274.32958984375,266.1965026855469,302.7111096839997,272.58759503100015,262.6082539310001,273.25115538,325.1642761230469,273.9691162109375,305.9750503129998,291.4234537820001,284.512027777,325.3576354980469,310.09063720703125
37.80394762,92.47546973639997,61.001858852099964,61.89281633899999,101.13946533203125,66.92730712890625,79.6511001586914,105.55216706090003,65.56599906690002,69.22830766010001,100.31011962890625,57.221099853515625,74.37533439929997,67.55056812920004,66.96964453019999,69.0601511591,110.12010955810547,50.292938232421875,93.51128584499999,72.19666417980002,65.64136251459999,99.409423828125,74.12844848632812
218.7701523,224.9899613540001,239.22161290399998,255.75100945600008,212.9663543701172,245.02310180664062,261.3149108886719,236.95414729900017,252.61876149100004,255.03547477000006,235.548583984375,247.40982055664062,228.36485983799997,253.72341331299995,254.08126714099993,256.21228272900004,218.31805419921875,225.53929138183594,219.0052525570001,245.70112954800007,261.15966450300004,225.5509033203125,264.313720703125
355.5383122,282.5907285250001,290.9408197440001,290.740494131,255.11300659179688,328.08770751953125,326.7958984375,265.98625925000005,300.71823213100015,305.71746196900006,245.24075317382812,326.23797607421875,276.36000406100004,292.79440309100016,288.2902514800001,299.1996649560002,271.6468811035156,311.8131408691406,277.8647968540001,287.45123313000005,290.6550987660002,255.87179565429688,279.5372619628906
116.4708988,106.47001187699999,104.54785018379998,102.86538806749999,110.9621810913086,103.48572540283203,96.27639770507812,105.94364916460006,102.25288636829998,102.61654418880003,105.7641372680664,93.60210418701172,109.25946057960002,111.04933776820006,103.07334207230002,107.03305169820005,115.52315521240234,109.10440063476562,106.77311842000003,101.39176424640009,99.7683091128,114.0795669555664,112.66490936279297
381.0895505,299.51450723899995,311.253114153,331.3688337419997,315.9372253417969,295.5609436035156,341.9266052246094,297.3905722860002,334.33007332199986,331.37136974099997,231.63186645507812,284.0069580078125,345.73191654999994,318.31080183900013,313.61643024200004,310.9172718169999,333.2887268066406,322.2915954589844,310.52434751199996,307.916187724,330.3683045409999,290.62060546875,296.2728271484375
202.3312077,247.2716788720001,259.5371837970001,266.04375059400013,266.121337890625,305.3852844238281,308.4658203125,253.57930810400015,263.528567062,261.4164211912,261.4142761230469,287.08258056640625,256.93126600200014,290.78364340200017,280.113072761,287.2242307110001,259.84326171875,290.2577209472656,245.8525823482,275.81374923700014,262.75916624000007,294.0401611328125,263.9759826660156
187.4647647,156.35445113639986,139.2803379369998,147.4207391373999,141.20233154296875,154.54122924804688,144.89263916015625,152.2260111177998,148.1502420489999,144.62449824939986,126.68978881835938,143.11219787597656,136.23661188899987,143.1373016321999,148.37713383799993,145.56173720799984,139.21751403808594,164.32510375976562,146.21960441659985,141.12993158899988,140.23226261079986,132.09930419921875,136.6157989501953
129.6384688,167.87655802599994,157.01504250839997,155.82270367959993,168.8490447998047,168.62510681152344,125.98263549804688,164.46966237500004,154.57653133839992,154.34651618939992,125.81970977783203,137.13497924804688,165.20964560099995,157.31685249299994,153.39095793639999,150.76017851119997,136.92466735839844,138.6918487548828,163.25081800799998,168.06654457699995,158.54717122679992,166.24217224121094,155.47735595703125
251.7389158,345.66569078,345.8576607719999,372.045813018,386.7587890625,374.18572998046875,320.76617431640625,349.13994513899996,356.3306549809999,355.79694586399984,438.2350158691406,353.101806640625,359.91464936799997,355.17193083099994,339.1198092719999,340.02867644800006,291.79815673828125,383.498291015625,377.4153561729998,355.0127868809999,355.972533372,383.25445556640625,370.0660095214844
92.1769282,94.16191110290005,98.09801418930005,97.40729525900002,101.32504272460938,111.06037902832031,119.44564819335938,100.23821225650003,86.93844892939998,88.8362314229,117.42819213867188,96.4337158203125,85.3848125027,92.18690480379995,84.33608565870001,82.1671756347,111.87088775634766,77.8525161743164,88.61563696790003,96.28739210250005,94.13326759510001,104.03265380859375,124.12867736816406
377.1477605,425.7005623039999,393.16227433999984,384.52056298299976,387.9581604003906,386.02362060546875,370.6161804199219,420.4675848150003,383.3817066489999,383.70705950399974,413.2747497558594,358.8396301269531,335.7508737969998,396.10866408199996,393.736884652,384.800432997,295.37371826171875,454.5498046875,393.4233247199998,392.60695476600006,393.93806557299985,333.8355712890625,462.3702697753906
123.8978499,160.54443030200002,133.60527148300008,131.11978233899998,146.80503845214844,129.2784423828125,119.40764617919922,146.84795521400002,131.51466291839998,129.99451439499998,129.9925079345703,136.04673767089844,139.70252438700004,132.67920728899998,129.74083603939997,126.89266695539995,143.13848876953125,149.6378631591797,154.85404702500003,131.88536288180003,130.26047979000003,169.55630493164062,151.8361358642578
261.1376291,220.78970749700002,235.95881100600002,240.57291054600003,203.96974182128906,207.3629608154297,205.4991912841797,193.71084003999985,240.92633520099997,243.6331002830001,187.1367645263672,256.1305236816406,210.83960492800006,244.9851371340001,232.2260981032001,232.1534161620001,181.5121612548828,239.84744262695312,228.1317573750001,228.1729007700001,239.52685577800005,228.38185119628906,231.57725524902344
108.1996199,115.38927728170005,104.01275780149992,101.18136558949996,115.07181549072266,100.05447387695312,105.66830444335938,116.08597880890004,95.13363175209996,95.85385734509997,106.9011459350586,103.05833435058594,114.11970830450012,101.80963980149998,99.83522239979997,105.10303299509995,105.02325439453125,101.2924575805664,113.99560956540006,106.05509167929996,100.9719074657,119.49276733398438,106.29580688476562
225.9861121,273.0652194480001,273.775308122,277.500483687,251.4158935546875,257.4972229003906,254.1870880126953,289.86549952300004,272.7193981869999,269.634468113,299.53875732421875,238.68978881835938,296.47827455700013,269.95144583900003,277.161269606,274.87043785,280.80169677734375,222.51231384277344,301.54803970100016,271.4097897919999,274.46408478499995,322.4691467285156,309.4701232910156
314.6417122,473.65224946399974,496.2779525750003,500.2758709920001,355.3437194824219,430.8988952636719,384.4751281738281,425.8872624860003,498.82921119100024,503.2683019970001,466.2440185546875,407.809326171875,446.4576707150002,443.1863244169999,468.6088587710001,462.3451993180001,401.35748291015625,368.2987976074219,467.12566828200005,474.006563891,494.90273922700015,520.51171875,394.85406494140625
177.9910017,161.5550303790001,154.06078468160004,151.8860314666,202.098388671875,142.5412139892578,154.4977569580078,148.21122209700005,151.17353232199997,149.36671326159995,137.02772521972656,129.89938354492188,141.85048153900004,146.48402769499992,146.66338110829997,147.7107131419999,142.4116973876953,134.3126983642578,155.91523099800008,144.06437379200008,145.81559943400006,177.18115234375,135.26934814453125
228.8070092,216.4721851529999,216.18533082099998,226.44408660600004,185.12213134765625,216.90884399414062,201.5947723388672,248.059410049,237.16436960999997,239.49781027599994,262.6212463378906,219.24559020996094,254.98817852399978,245.04261469799994,235.6316775159999,233.05567508099995,233.5693359375,257.26177978515625,208.21176271799996,258.4831902809999,242.743843799,150.22918701171875,266.2280578613281
310.3775008,403.3206625819998,404.09620354499987,403.1307340709996,400.404052734375,431.1575927734375,465.75018310546875,418.15411722899984,423.78222300299996,415.4127280379999,422.2763977050781,435.0279235839844,358.6563459969999,388.3805229269998,393.2043046079996,409.4691632199998,392.2737731933594,446.56109619140625,351.61893163999986,412.9444925649998,413.51705501399977,339.0263671875,408.87109375
104.8191038,75.13567675980005,84.87962537680006,96.73584857400006,58.81674575805664,80.3007583618164,82.14287567138672,78.7841086082001,92.48426334550003,86.75867491810003,52.7335319519043,64.08355712890625,77.11271202900004,86.18340628780004,78.53790444920001,76.58223290320001,76.58443450927734,54.12755584716797,77.88868391920006,86.09469623720004,86.8286973404,49.444671630859375,65.79467010498047
235.8872817,206.17553224999995,249.38804589100005,251.35428356700007,192.64431762695312,272.49798583984375,262.9390869140625,225.48771819800012,243.156963144,250.50480870900006,224.4789276123047,242.22879028320312,228.6327635999999,248.104444533,249.081330632,244.46648469800002,241.43551635742188,252.32986450195312,210.03545072899996,248.94056931099985,249.38238055800005,171.60546875,253.79017639160156
369.8858065,279.151754888,257.148525845,249.593825432,282.9088134765625,240.87893676757812,243.43368530273438,269.0047125440001,264.30492611200003,254.88604550900007,282.6727294921875,220.26060485839844,271.72359660899997,257.565178655,268.232944922,270.49248402099994,258.0113525390625,270.7106018066406,268.0790148080001,272.9662236120001,247.608359142,275.0035400390625,250.4693145751953
457.7627025,269.65436563699996,316.99802081200016,319.528953923,281.2981872558594,301.41387939453125,326.5696716308594,258.696224138,322.301655619,329.5728604789999,269.1104431152344,343.2655029296875,273.09912783500016,321.09249459899996,325.1600458549999,328.55035019599995,283.04510498046875,313.1656799316406,284.686216706,289.536337862,319.68570229100004,296.5766906738281,283.7198791503906
912.3458397,759.4121546459999,607.9358180919997,648.1970516870001,750.754150390625,449.1988525390625,470.3568420410156,723.3595053259997,671.0234447959999,672.669020981,686.8975219726562,429.3459167480469,671.0325089299997,609.7375229339998,651.7818063840002,642.5898754080001,750.6505737304688,481.7606201171875,684.1617397619997,636.9995001229996,647.6877465539998,622.9853515625,635.959716796875
646.1592629,630.5820235909997,547.9524762769998,554.2720920630001,683.895751953125,571.4698486328125,585.3292236328125,574.133180678,581.318333344,562.2566619600001,665.5379638671875,476.9208984375,542.1109978030001,574.6051101090001,587.0373430540004,576.9090064910001,628.9260864257812,520.0175170898438,584.3188245429999,573.7670837769998,562.751110346,660.9658203125,634.3742065429688
112.2588025,209.257740766,200.58453562799994,204.89066514400005,171.6394805908203,168.65560913085938,165.58901977539062,203.84695454399997,202.34516024699994,203.52844979500003,152.01454162597656,182.8397674560547,199.99680585199988,195.67778446700007,205.28226000299998,202.747845083,182.30543518066406,197.0148162841797,214.18041157,218.57019948699988,203.08392926099995,164.67166137695312,183.5173797607422
326.6636141,387.1630059799996,366.21261051999977,350.6451460279998,330.24267578125,372.8918151855469,377.9549865722656,379.40778183299966,354.99405186599984,356.03350413499976,302.4881896972656,387.8208312988281,305.5870346279997,323.4115758849998,338.31245726499975,324.45038252699976,317.0231018066406,359.67962646484375,322.50847790099965,354.1423055099997,358.59898451499976,314.4787902832031,321.9317626953125
395.0950298,294.20946149099996,283.193821136,322.6904202429998,243.1250457763672,268.4238586425781,254.90310668945312,250.6859034850001,328.05168216799996,324.3556931779998,191.3085174560547,267.5402526855469,255.17517794199998,317.8148642179999,329.6964349399999,326.07321708499984,260.239013671875,328.9741516113281,253.23839910700008,288.5035702139999,327.46081523299995,224.5223388671875,234.18678283691406
500.2793429,403.7373380460001,391.48183138400003,424.146606698,331.8057861328125,354.5411071777344,344.12042236328125,419.9852367910002,439.6426666969999,443.25557967300006,319.6953430175781,504.67657470703125,332.8717528089999,436.6597742810003,458.613974527,448.976005782,274.0322265625,456.61407470703125,380.5519433619998,405.43383286399984,437.4257313679998,345.75531005859375,377.0118103027344
275.7105299,346.44835439899987,315.245106139,270.1112360129998,352.6102294921875,285.0264892578125,229.38729858398438,327.47164412099977,259.15583278300005,257.9952026139999,330.12335205078125,247.53623962402344,316.57319620199985,262.157097114,261.759569056,259.3589843430002,281.2711181640625,281.20977783203125,330.83370213799986,302.1870732019999,269.1746489939999,339.6975402832031,362.7670593261719
211.9472121,193.83610280199994,198.77963719180002,212.48073182600004,201.87062072753906,188.76651000976562,198.77679443359375,190.56911897139997,211.6715469092,212.75932951959996,195.269287109375,194.64334106445312,200.83433588499997,207.15773147600004,211.087185923,209.566452023,185.1238555908203,201.4383544921875,206.75770657000012,193.26623312419989,208.92324666500005,209.74166870117188,186.3809814453125
213.9922546,266.356762544,237.57167881400005,236.46316853500008,237.13795471191406,227.3267822265625,208.88597106933594,248.89629234000012,238.6418295210002,237.15748711700002,254.538330078125,212.57127380371094,239.57631766400002,238.72542069400023,236.08668769400006,237.19914518200005,209.94293212890625,257.0111999511719,252.29326907100014,251.781766554,233.09943593400013,259.2684020996094,232.25254821777344
242.3390483,310.205975384,267.89449042999996,255.41953108099995,327.73468017578125,275.72601318359375,230.0003662109375,316.82489388600004,255.92981122200007,252.62441711600007,343.6571960449219,263.1002197265625,290.363883141,256.9513787330001,253.45061584100011,246.1932115890002,302.7330017089844,242.3592071533203,290.8867422700001,272.65692943299996,262.483220586,289.2582702636719,287.5114440917969
190.582844,181.11280473,168.09865427199998,170.291293689,172.76527404785156,174.78192138671875,170.60443115234375,161.28137416200005,177.03926861699995,177.48547972819998,159.044189453125,158.93951416015625,165.433447347,175.92952811099997,169.153741711,171.38234361000002,140.03646850585938,164.63099670410156,175.205700004,165.41465745000002,167.18798852500004,188.25457763671875,164.44808959960938
657.941543,532.3513433020001,513.6330878260003,507.7833608910003,647.2785034179688,565.8762817382812,514.0761108398438,544.4011107870003,503.11567976200007,516.2575790670003,558.3568725585938,568.0962524414062,514.1076601090002,533.4176571990002,527.1093171410001,522.9604613670002,548.2847290039062,551.5901489257812,539.5843907510003,504.6373203070003,516.3520384120002,590.3101196289062,517.3429565429688
59.71882269,104.48048953629997,99.07318916040002,98.25992468579996,134.62754821777344,100.61400604248047,98.1635971069336,93.1605423517,101.80483482029996,100.44185815539993,96.87272644042969,97.21829986572266,94.50518898309998,95.70368607829998,101.83257648579996,100.8673933357,114.49273681640625,116.54695892333984,93.41426646449995,98.17428164569998,99.76483477719998,115.06287384033203,129.19810485839844
19.90886727,31.068069602499996,29.1171025966,37.23416044149999,8.919214248657227,45.883583068847656,46.234291076660156,30.087821175900004,32.701602363599996,31.840174834600003,4.24567174911499,10.55827808380127,29.648654863499996,38.56282602439999,46.79847164889998,45.14430884519997,2.996408700942993,19.142417907714844,31.210070193299984,26.8137213626,40.18097038859998,3.0892810821533203,6.707956314086914
243.5682472,192.3439175564,200.99136587459995,200.27352537329992,221.10972595214844,203.3110809326172,182.59671020507812,186.5370785822999,195.63178244249994,199.63900671729994,192.2506561279297,169.7868194580078,201.66200284299984,223.35619551,217.2533137259999,207.0400818899999,234.5355224609375,246.07957458496094,174.2267627502,193.34341366259997,207.96729571640003,212.9260711669922,200.88076782226562
632.1039374,395.97826596599987,411.48284722099993,396.3980231279999,401.64398193359375,358.0854797363281,364.287353515625,397.444091288,388.71720887,391.81093524000005,389.9080505371094,370.45904541015625,424.9869472450002,379.73014953600017,376.68249903799995,386.25298951899987,417.92230224609375,405.91448974609375,417.1063703610003,396.49644329600005,384.046729547,388.1786804199219,397.8114013671875
141.293536,215.58437301900008,195.17428700259998,193.45782229239995,208.75071716308594,147.05995178222656,157.20236206054688,183.98532284479992,185.93280183609988,192.35203088779988,130.56004333496094,162.8786163330078,190.1011575643999,190.0455984721999,184.7079874571999,180.82621829319984,156.34902954101562,182.364501953125,193.59681647599996,197.59955839299994,192.48285270519997,166.67221069335938,185.15496826171875
620.3957452,542.8872596870002,497.800231466,501.23290170300015,576.5835571289062,569.5986328125,517.6796875,581.2029005180004,491.5868078670002,503.9965573120002,608.3130493164062,554.925537109375,485.7010646549999,490.42282367399997,501.47972591900003,509.5845232499999,501.5875549316406,461.47686767578125,500.3684749290002,504.4579423020002,492.765461927,489.0440368652344,511.9531555175781
353.2542486,317.24118752399977,312.40794261699995,318.418150488,312.4345703125,333.356689453125,345.5825500488281,313.09855299499964,311.1599240569998,314.5776872679999,306.6824035644531,332.082763671875,314.75849696699987,319.4655366439997,313.423665779,316.45008952399985,279.3725891113281,320.6295166015625,323.4310190249998,307.7551601099998,318.11848788399993,340.0681457519531,329.4512634277344
590.519373,394.6213743029998,401.58570935599977,390.6460116889999,446.87261962890625,402.07598876953125,400.6134948730469,413.58908574099996,406.64218224100006,399.66566143199975,458.1212463378906,413.6414794921875,420.1035691139999,394.154905574,406.4711957499998,395.36435989999984,426.805908203125,386.2663879394531,417.0607175440003,394.3864359529998,388.5227540480001,465.55389404296875,401.2106628417969
334.1013005,329.85594764699994,327.798418757,339.5910234419999,384.40960693359375,336.2891540527344,368.9554443359375,330.6453319619999,327.3980248720001,332.92882325900007,379.97296142578125,359.43658447265625,327.41477481499993,365.5898583140001,355.9342598579999,357.276773064,334.9778747558594,325.3617858886719,328.19982986,343.86101332000004,346.84028653999997,345.9534606933594,348.9028625488281
110.1555474,93.07355569239995,105.80695108939996,108.7111790185999,99.51631927490234,124.99803924560547,123.26468658447266,78.3745529126,113.01183349979993,111.50986922759994,103.00279998779297,142.18603515625,94.56745638099996,112.18302525759997,115.37216254180001,111.17762048559996,108.90827178955078,122.37014770507812,83.95885404359998,110.53280477879994,105.5194009682,96.95563507080078,98.69558715820312
198.9126215,192.30989989900002,186.77691754699998,172.37028496260007,195.42808532714844,193.36512756347656,190.52613830566406,191.38762663599994,189.12095156099997,182.138358707,184.57733154296875,188.8743438720703,183.66003529099999,180.42001333260004,171.52292970539995,174.77052190459992,199.37109375,163.3177032470703,172.18291425299992,180.24974064899993,179.99318691799996,180.28689575195312,179.0986328125
434.7011467,388.16846735199977,418.11159627899985,417.1957057589999,370.7027893066406,463.17767333984375,456.36767578125,415.8418740149997,402.6419095590001,411.323260228,422.2384033203125,421.48114013671875,412.63652732099973,399.8079866889999,419.2175032159999,409.08654149599994,421.6479187011719,484.9590759277344,402.7908454459997,419.88404376299985,417.92909927699986,461.9261779785156,400.58740234375
214.9371603,294.2672655359999,318.7609674209999,318.3941651519999,286.35113525390625,308.3550109863281,321.1591491699219,297.2748275079998,313.35548102399986,312.645694684,280.9429626464844,312.5479736328125,331.6605409709999,318.8843968619999,327.0817550499999,322.58329481899983,324.0564270019531,336.17755126953125,304.01227036299974,320.5604076289999,315.71153176699994,298.3096923828125,329.7733459472656
327.6077146,180.29745814699996,218.82161697200004,228.73353958799999,174.079833984375,218.79098510742188,231.41969299316406,200.90477415199996,235.16519157699977,236.91694778699986,194.54074096679688,235.7141571044922,203.22035607199987,231.56419430799986,244.55136637199973,242.19575937499988,214.83731079101562,255.70713806152344,176.81511680899996,226.39814454399996,231.94002547699986,183.11911010742188,208.90565490722656
274.3821359,328.6081705849999,315.9188285529999,312.976300747,327.11065673828125,292.0566101074219,286.7352600097656,302.7652295090002,312.38714306099996,312.75006646,303.0003662109375,291.87841796875,315.8893445060001,303.88072478700013,333.20115723699985,323.55302047200007,314.7178039550781,313.2402648925781,316.5452703870001,335.2960638749999,315.321824407,348.579833984375,309.2184753417969
499.2962707,283.28426657999984,259.53546869099995,277.6308786649999,293.03173828125,218.72352600097656,247.17127990722656,278.02869210299986,291.97604146299983,287.1641224379999,288.9190979003906,268.56884765625,303.4508638139999,274.94274769599986,278.92734191999995,281.9543677659998,265.8977966308594,356.55126953125,300.8423064459998,283.9974654279998,289.8988395769999,276.9311218261719,293.2076110839844
409.6343622,283.4510429979999,313.146999333,330.8500982259999,222.4830780029297,268.953125,319.3271179199219,318.43417214899983,328.3360313199999,331.47862089899996,338.0011291503906,378.4802551269531,318.2386127899997,335.3470333399998,337.4578058899999,329.4933193079999,335.0108337402344,319.3306579589844,323.71141026399977,309.7497786999999,336.729217149,304.1258850097656,256.3055725097656
386.3161154,447.3852169790004,494.71087376300005,483.7641599520003,414.2655944824219,488.7309265136719,359.74237060546875,435.77866881500006,467.700336402,462.03617253199985,420.18572998046875,359.0618896484375,445.40448119099995,468.62705379499994,468.23727592999995,465.36598475999995,390.8285827636719,472.4736022949219,422.32647329300016,498.56956071800016,490.17718778100016,428.1174011230469,483.8082580566406
321.3427381,326.50477934700007,321.44397539399995,317.992800635,304.38653564453125,322.2099609375,288.0198059082031,319.24538864000004,302.21812711999996,302.87781080299993,298.8776550292969,346.0500793457031,324.69140624,313.70013861599995,310.60826642699993,312.166744574,359.8768310546875,270.3067321777344,330.77158728099994,312.29600374699993,316.71580338300004,356.8811340332031,351.378662109375
190.8591157,196.7989384720001,221.51883668299996,225.79474927000004,216.9839324951172,243.54498291015625,236.83505249023438,203.70086893399994,211.16564826300004,215.0237214429999,195.89154052734375,202.06561279296875,201.41033021200005,220.689889094,216.61344692799995,216.88349599299997,211.07656860351562,192.3640594482422,201.77200898799998,210.54803537300006,222.53370668100007,217.4338836669922,186.19418334960938
366.9657285,481.4289969200001,450.6475295530001,443.6717900729998,429.4148254394531,387.98138427734375,349.937255859375,464.905757392,441.70975208499976,431.9986997559998,411.91436767578125,430.1685485839844,465.4680639289998,456.381082796,438.88890761299984,439.3957278919999,351.79949951171875,407.9773864746094,432.98352020099986,456.21351778500014,431.5083698469999,346.7860412597656,431.9473876953125
347.4202542,291.787557268,286.4047697,301.40010789100006,258.03765869140625,268.56939697265625,326.35369873046875,278.83595362000005,298.21826214199996,295.96125712099996,222.94960021972656,309.5616760253906,280.748509319,317.46185462599993,308.6016859169998,294.35470676399996,273.7891845703125,328.7633361816406,274.0585206870001,288.307862025,310.4469528549999,253.02098083496094,303.6619567871094
207.4275617,192.981448003,216.75895455300005,204.46929197000009,209.0127410888672,203.69984436035156,196.86184692382812,195.162085587,210.32663673900012,213.8346803230001,195.6213836669922,203.34495544433594,208.79468081299993,207.98778568400007,212.53961421000008,209.04766352100012,221.48782348632812,195.03970336914062,196.65744439499994,206.07714231100002,211.87038815500011,210.8169403076172,199.1364288330078
252.4639505,256.18657367000026,263.8222512070001,242.24544636800013,301.93829345703125,246.46841430664062,238.902587890625,256.0137400200003,249.74579810100013,257.7851228370002,312.572265625,225.84765625,253.657322083,245.38531298200007,239.70320176300004,245.83209941659993,283.57354736328125,266.7967834472656,266.44671137200015,232.49175549700013,246.36448121600014,265.1578369140625,245.91717529296875
306.9232492,235.69873112899978,235.69674683000002,240.98958265499994,230.3014678955078,236.0255584716797,254.31591796875,230.5945730929999,248.9332827949999,246.69171767499992,230.79017639160156,227.1419677734375,237.9812593959998,253.4787416069999,251.80010665199993,251.0473252239999,221.55274963378906,236.54876708984375,237.4160795119999,236.72617164799988,247.67325867899996,220.81536865234375,240.271484375
217.043177,250.5134571239999,228.80723869599996,239.288641794,249.5406951904297,225.3633575439453,282.4906311035156,240.09223579499988,256.474055511,252.0542091119999,260.5522155761719,250.90985107421875,232.87847054499994,251.1120072249999,251.28733351999995,253.50009834400004,211.0133056640625,240.53814697265625,234.16187013300004,243.49116812600002,246.47106785999998,231.27969360351562,263.53997802734375
183.140011,116.01877047640002,107.93725992250002,105.0403210301,111.29266357421875,119.41966247558594,126.75497436523438,117.7097916260001,110.59368855500004,107.3343240363,111.65975189208984,116.20126342773438,118.1853374079,108.95092654040003,115.84006339120002,123.92840983560006,113.80801391601562,131.660400390625,117.56979095100007,111.78263507640006,113.00492139490007,128.63534545898438,133.0597686767578
102.8341145,114.75791350340009,113.45449316200003,110.10391534570007,131.9464569091797,105.47198486328125,116.0577392578125,110.76184859240011,115.25410653120008,114.33468535700008,114.77594757080078,119.52240753173828,108.60545867400002,116.63132126500011,114.11591077180013,113.4225443482001,107.96941375732422,115.9654312133789,111.65579675580013,112.68713178020012,111.92196296480004,109.3183822631836,114.77066802978516
255.8326632,245.088302142,225.608428844,232.19289731899988,249.21728515625,223.046630859375,252.6734161376953,250.037715456,238.23606485199997,234.67985979999995,241.4220733642578,234.63291931152344,236.30942815400002,245.7304047709999,254.61911711699997,248.58577463999998,248.50723266601562,229.44912719726562,243.1506625710001,252.35417464499997,237.42773080100002,258.7827453613281,252.59580993652344
13.83971085,49.74484498509998,39.3618486452,58.97818408189998,22.849279403686523,22.579198837280273,33.1126823425293,43.083331418399986,66.14518102669999,66.50762543519997,24.527143478393555,71.29368591308594,54.049483803199976,57.96381274369999,69.93021427389999,72.0752485679,45.98451232910156,58.97112274169922,48.12848727609999,46.616395448400006,53.689414442900016,42.29889678955078,34.38064956665039
164.9472032,252.9004411680002,209.53915030100012,204.01658063600004,245.42794799804688,178.36505126953125,183.00697326660156,230.29351462800008,205.73731032000006,195.37895905300005,217.6846923828125,177.59812927246094,226.35060907600007,208.69469737900002,215.64322521020003,211.82632639620002,230.00193786621094,253.13758850097656,243.32918754300016,223.76384797700004,202.019289574,256.66387939453125,228.70889282226562
239.4365496,258.51770296700016,251.09483922700016,239.10293291900012,231.68099975585938,233.5895538330078,219.0257110595703,282.1093157120001,239.7263680800001,234.41801955000003,216.0532989501953,226.45883178710938,265.3084047700001,238.4220714150002,243.48385131100014,249.21804146600005,283.50390625,238.8098602294922,250.9270452860002,262.5639540710002,238.62357154800014,224.6326904296875,219.54200744628906
428.4254264,378.73920835100006,428.1818690609999,432.168240036,427.6261291503906,476.4225158691406,476.7779846191406,363.78225943499996,431.6432177920002,427.7092230900001,322.74578857421875,512.3536987304688,360.83133477699994,421.7307325610002,425.8799548379999,417.746311344,384.7843322753906,465.2530517578125,409.84208643,415.94494597799996,424.4834922760001,401.18011474609375,379.32598876953125
344.8233972,241.753790747,289.381244038,266.39549601299996,220.28384399414062,295.8931884765625,274.1618957519531,246.95008086099995,278.91508475599994,280.48849472599994,183.77235412597656,278.17694091796875,267.5213042459999,281.24220672299975,271.58708970699985,283.7525065189998,177.7488250732422,337.3746032714844,236.74620406200012,317.3268896859998,271.0297748009999,199.35948181152344,238.51356506347656
204.8941203,257.4015611430001,300.53797027,316.89591051599984,221.02293395996094,294.648681640625,318.9544677734375,273.0810596829999,300.8437360879999,300.102645322,199.6575927734375,263.8803405761719,274.5458334720001,310.24864116799995,308.7787653959999,305.63934742800006,212.58790588378906,288.39215087890625,276.36612069600017,292.80967013500003,306.4410573750001,271.37652587890625,229.2593994140625
327.708468,265.584956008,303.1685306640001,309.0399856990001,247.1333465576172,298.5307312011719,292.6925354003906,275.72780111200007,313.577726112,312.46166351799997,288.26025390625,320.94677734375,286.1817019999999,305.39915613499994,303.27416202800003,290.713676089,319.8162536621094,301.8690490722656,264.57898263799996,277.3151064169999,311.69956196400005,287.0306091308594,267.5220031738281
130.3605817,108.56917137910008,95.67132165329998,103.47739623790007,115.19039916992188,101.53861236572266,94.63365173339844,94.0759948492,109.23777207580008,103.74774961020005,88.39791870117188,116.64004516601562,107.38835264630005,108.24100334410008,99.20353484239999,102.85542791440002,113.76948547363281,115.54041290283203,106.72485481690008,102.36213930119999,103.1125736983,107.55256652832031,104.92929077148438
107.2459287,180.44170894700005,195.82179368200005,217.86963707860014,169.08615112304688,241.60873413085938,245.32565307617188,189.7291774500001,208.97867480900007,208.22412432299998,199.1110382080078,218.6973114013672,192.3451330490001,226.07320616500004,211.8342615734,210.66724162700004,174.1483612060547,202.32933044433594,187.4709484930001,183.00110971700008,218.38752402340012,191.39773559570312,189.30894470214844
208.9869065,198.54137704299995,182.29403490139993,183.26928854739995,195.50498962402344,185.83697509765625,171.76364135742188,186.44525047699997,182.87741927599996,183.18311703059996,170.5361328125,177.3838348388672,169.1414450293999,173.27228929859996,178.67495653879996,177.45344595639992,129.32997131347656,145.70889282226562,198.90401462599996,184.58924026819986,182.9252373539999,190.70175170898438,118.0731201171875
142.4334991,100.93844025679999,95.76751462919992,95.76163303509995,111.03295135498047,90.72434997558594,85.6134033203125,100.90425737079998,95.62786281639995,95.85341603919991,104.10832977294922,91.71829223632812,95.93040334859998,97.00495522759994,94.89226804069993,96.60456906399992,95.63232421875,105.49217987060547,99.93951372279999,97.67070301969994,96.26654490339997,101.85707092285156,100.22212219238281
850.431369,623.7151559989996,623.4437056199998,607.8110521789997,533.6550903320312,675.2077026367188,573.7192993164062,618.0508041859997,590.3857442339998,601.0504499989997,453.93231201171875,480.9740905761719,610.7353392109999,584.87231071,606.034269143,589.4987814579999,457.26104736328125,587.4854736328125,594.7345093099998,662.9084501809999,604.7783259439999,503.7283630371094,554.5690307617188
292.033539,474.98746429300013,438.3320767110001,430.0168413640001,508.6931457519531,410.2837829589844,482.41888427734375,466.1042263900001,424.98802017500014,430.8902661819999,411.5869140625,449.20013427734375,432.02545044100026,422.86690733999995,400.2785109149999,423.09972649499997,447.8196716308594,418.9868469238281,458.05689411000014,464.75643693100005,427.14943550900017,410.3175354003906,497.7784423828125
153.6978916,186.44211927899994,155.32523105560003,165.55957941499994,224.81106567382812,166.23077392578125,161.46307373046875,171.11037273099998,155.963681062,154.31203521499995,201.5998992919922,175.4744873046875,173.596949634,171.11683129699998,162.4983339756,161.795338218,166.79949951171875,140.61624145507812,179.25345570499996,164.95494663899993,166.10162668089998,223.2709503173828,172.50914001464844
370.644793,303.226447001,300.9057525169999,311.37741760499995,340.9271240234375,306.4948425292969,330.59832763671875,282.6333304999998,311.88704006500006,309.46275899200003,267.5151062011719,321.42388916015625,283.784568038,303.94056746099994,299.9616772950001,299.6458294,252.87939453125,303.37347412109375,291.4818705119999,306.005667958,307.21581133199993,275.07568359375,289.9251708984375
217.3843151,263.37168369,238.18660598499994,250.65476074900016,254.9165802001953,217.60560607910156,248.3372039794922,261.7890563970001,252.76693042800002,251.64038736900002,268.4958801269531,265.499755859375,265.7124852029999,247.91207568099992,245.78844614999997,252.35089106699982,277.50299072265625,246.2456817626953,260.95888657800003,251.61338002499994,255.75039312599995,233.51275634765625,242.41827392578125
526.7440015,286.4239648359998,308.16706609199997,302.87322256299996,293.22625732421875,284.90972900390625,311.17852783203125,292.686607484,327.84446048699994,326.5951578469999,309.99609375,344.347412109375,300.8876857329999,313.8866779829999,323.33726686499995,323.65288799100006,275.2749938964844,329.9567565917969,286.8717178869998,298.08517807699985,307.61362836299986,315.8708801269531,260.497802734375
127.7168842,92.61927144419991,98.18301225829991,94.62605416559998,89.14920043945312,92.38882446289062,97.0852279663086,97.71821220649991,100.25350539289995,95.81621538759995,94.38329315185547,95.49574279785156,99.73708929439988,96.12629044999994,95.74797306749993,95.92849602019992,116.30579376220703,104.27240753173828,99.51287692179989,99.34805740539994,94.73418626489993,99.64830017089844,97.87647247314453
189.195493,230.52988115800005,199.85901719500006,207.59627497200006,225.3715362548828,236.5626220703125,197.78585815429688,209.43550541100004,202.13553418160015,203.7516029486,237.38392639160156,209.35964965820312,212.98272538600003,201.35174294999996,210.21311392699997,208.49099868400003,231.45355224609375,223.6036376953125,246.27955239499997,208.81092872799996,212.508397592,266.5436706542969,195.20933532714844
216.4138196,264.60296108100005,303.95253811300006,287.052119331,252.26708984375,370.1457824707031,312.8641052246094,268.831721351,308.44901010900014,305.0267124930001,241.3618621826172,357.90838623046875,261.4310553150002,300.77428261700015,306.51413155700016,291.95474159400015,252.55201721191406,249.71836853027344,262.88939342000026,294.07487048200005,310.40363806500005,217.11134338378906,264.7800598144531
218.3681329,142.279427739,131.63120108409996,123.88388123310006,138.66697692871094,133.47608947753906,86.48829650878906,143.47643524189994,124.70527436969996,121.12170792229998,162.04295349121094,151.0007781982422,131.81635777729997,124.5659035754,122.99712779330002,127.21432692059997,127.68922424316406,132.41757202148438,141.98619776979996,130.77670219279997,125.41047949519997,126.3027114868164,127.51921081542969
866.0196497,741.8391788959997,750.838048691,750.1671002029999,771.7421264648438,786.4708862304688,797.0717163085938,765.3740525559998,738.233093584,745.163146735,834.603515625,773.7081298828125,828.4525440170004,760.4784510650002,735.7248615549996,711.1453629259996,703.9619140625,772.2564086914062,732.7083544769995,791.8031374360003,742.550027612,750.3021850585938,794.9977416992188
182.7988937,159.13655713099993,142.67811635019993,132.13348618739997,138.27288818359375,137.78610229492188,123.75291442871094,156.96372148899997,134.93029243300006,131.54332541909997,116.67485046386719,113.54765319824219,142.14239187080003,138.2992788036,130.91766066009998,133.2099085062,103.8841552734375,121.70339965820312,162.1069026494,142.22190674079994,135.00060325940004,127.55078125,126.42850494384766
177.9817919,207.21686774399987,247.51370825499995,250.57098326399992,214.28700256347656,247.66168212890625,234.55836486816406,208.23024481999985,244.22079959999996,247.51646562999983,202.1900634765625,229.37181091308594,214.00229752399983,239.86849000999996,238.99151921400005,236.30028237599996,264.364501953125,227.1827392578125,212.59403919299996,239.123811378,241.90905403099995,200.59133911132812,254.8813934326172
316.3126285,336.36228530199986,349.92061500499983,343.859707569,368.41650390625,322.9456481933594,333.4495849609375,356.93619388099984,360.62067761199984,351.26098790799995,340.69329833984375,307.33056640625,363.28092389600005,357.0247856909999,346.2713224059999,350.57318074599993,381.1270751953125,387.87841796875,366.4936403529998,347.6752264239999,350.90050127599983,380.3373107910156,375.4187927246094
453.1539618,272.4919846639999,272.26744451699994,292.36281788099996,264.9032287597656,274.3043518066406,303.41864013671875,275.42307634699984,304.2700731339999,297.6940833009998,305.6670837402344,292.8225402832031,279.16218295299996,304.48519846600004,303.24958782299996,300.229039463,300.7078552246094,284.7001647949219,286.2331488729999,287.7102608739999,303.8055783479999,275.8116149902344,275.18017578125
275.8258278,265.3789630400001,277.1037273420001,283.81124272500017,291.67462158203125,298.7757568359375,314.29925537109375,210.6193516530001,264.5382607180002,265.383932975,236.9276580810547,300.1957702636719,222.55608777400002,248.2352418320001,246.86586350300018,255.273452082,209.8053436279297,265.949462890625,251.85428186299993,267.25470453800017,258.2049223760001,232.2402801513672,252.8214569091797
488.9075447,452.95558957200024,446.7602249849999,425.8531523599998,519.7072143554688,470.9821472167969,497.58697509765625,456.8160547179999,427.54358091599994,416.98051057799995,510.98931884765625,483.0718078613281,458.24703178700025,461.7826363419997,453.0604607549999,443.10788084699976,403.45513916015625,520.5409545898438,463.88632525400004,461.61055809499993,440.1530388999999,534.9520874023438,525.0335693359375
167.0728705,180.22787015920014,189.75834511959994,178.237275282,200.99440002441406,186.41136169433594,166.3146514892578,173.8135806155999,187.88823726209998,188.9551282864,212.8758544921875,189.40582275390625,166.61660053600008,183.58905648,193.11776431719994,192.58604628310007,161.0900421142578,149.19818115234375,178.86623408079998,175.61569083379993,190.31786112199995,166.1761474609375,151.75852966308594
188.4043464,277.42178255999994,257.4673288759999,258.261932759,251.57717895507812,235.6192626953125,247.9860382080078,294.45309055199994,260.2028725569999,260.70840719499995,277.3473815917969,247.549560546875,265.89774748300016,259.0544178369999,259.2126763139999,265.7698376839998,279.03729248046875,263.4644470214844,278.873199641,276.45119218300005,260.345338684,268.090087890625,303.5969543457031
304.9452711,166.96400001799992,172.29052371859984,166.92160781839993,155.0449676513672,145.90255737304688,163.09320068359375,170.51783322499995,162.3376292599998,162.01580282579988,210.83132934570312,176.83079528808594,176.55953437099993,161.02712678199993,159.66350121099995,162.24108350599988,188.073486328125,159.46522521972656,183.25381676199999,177.5707799871999,171.7373651943999,203.7752227783203,205.25982666015625
45.2293238,124.76149642220014,111.41476389360005,123.14766083210009,135.0857696533203,109.83369445800781,136.12950134277344,116.54865618100008,116.79675526990007,110.89148047280001,109.94369506835938,120.93441772460938,117.40135265920017,115.34241312140006,103.69696983940003,104.24022703570006,128.80291748046875,123.06787872314453,122.39815577730016,112.42399999400008,110.60463213479997,121.74425506591797,126.09089660644531
182.5613468,230.11939467899995,228.62894300199986,229.5914447329999,227.93804931640625,223.35952758789062,194.77285766601562,239.52833367099984,226.10623744999987,229.09181585499988,228.91036987304688,234.26962280273438,248.03311735399993,226.48016177499994,234.31107804099992,238.04955799099997,230.49691772460938,243.47836303710938,235.98272423399987,247.64257246499997,234.43919233099993,226.0649871826172,218.93846130371094
298.1535192,198.6558624979002,196.06178750860016,196.38526194260027,182.97227478027344,160.35267639160156,153.49798583984375,202.0011585202002,202.92190459310012,206.84952950080023,145.00526428222656,206.59046936035156,218.88917280760023,227.58362909240012,227.7609079670002,214.12551789500026,149.9595489501953,217.86668395996094,200.9516584794003,188.04184886390019,200.14256900400014,185.61302185058594,162.08547973632812
173.942586,136.1326198692,148.35500586189994,140.59603611089997,102.8656005859375,132.6226043701172,127.4068374633789,144.3043106537,143.81539660460004,141.98038274319993,139.25347900390625,123.05753326416016,138.75483572989998,132.06699292169998,134.49886651319997,139.7212407051,127.49360656738281,129.5041961669922,135.65274477409997,148.43207821219997,145.35034777579997,130.27285766601562,126.17935943603516
52.00038052,88.9733020615,104.98309644760003,95.80607885289999,90.7956314086914,110.45198059082031,125.29593658447266,86.6902937357,94.30259672070001,92.01730852049997,98.66753387451172,110.29640197753906,97.92050135130005,114.51888261950002,112.34601722750006,108.57255217740004,112.6254653930664,124.91742706298828,86.31000878559999,101.83217296100011,96.24788982500004,104.35831451416016,117.79138946533203
312.6994094,331.4720511219999,264.8285356049999,291.73286001100007,276.48431396484375,281.67510986328125,290.317626953125,312.25693182799967,291.19763147299994,290.069907334,282.45684814453125,276.704345703125,223.19359422999995,278.0168196109999,304.16853841600005,298.61472620799987,211.83059692382812,320.3175354003906,261.3303352339999,334.3787766649998,297.0512372569999,211.46322631835938,258.8515319824219
129.1244914,94.84391736779995,121.3334729566999,125.62945004979994,91.55144500732422,141.7827606201172,137.1306610107422,100.78502849709989,117.21831022819991,123.71792233089992,102.64668273925781,133.35792541503906,103.12861042579996,127.94346493039998,127.7482192258999,129.93574277639996,108.07792663574219,147.4482879638672,104.55929612029988,117.58940578580003,123.58322761140003,104.14009857177734,119.35367584228516
77.32060832,107.6322074921001,108.93397451010006,96.1504450593,119.8176040649414,100.9015121459961,109.05952453613281,113.01969383000011,92.70175631630002,92.9414285492,97.88844299316406,124.92573547363281,107.05175021170005,91.232960272,90.79850334529999,83.92075082269999,121.60743713378906,92.88053894042969,115.30137875490007,105.54213473510008,93.9857927358,135.8944854736328,126.95567321777344
202.8638432,266.47916009800014,222.02512841800007,224.18605178800007,306.0099792480469,245.56546020507812,237.6592559814453,262.213514005,227.41187984100011,225.87181909200007,270.0783386230469,194.18504333496094,226.2979577580001,222.56469215300004,235.162261968,208.62680223099997,227.73753356933594,171.0625,238.12469738500013,231.50872381999997,222.29323491,241.02154541015625,249.2617645263672
233.3538261,254.5877415039999,246.21831366599991,239.15953673699988,236.06297302246094,229.0301055908203,223.6510009765625,255.83705518199994,239.65902724299988,241.92709621399982,242.087890625,219.79672241210938,261.43636430699985,247.98615387999996,248.46840070399986,251.2244716679999,250.7101287841797,244.31971740722656,259.918931387,261.067119743,245.5620245569999,242.47250366210938,249.715576171875
182.6422606,196.52415418599998,156.0741921459999,163.11522335499984,180.42140197753906,159.26568603515625,162.78907775878906,174.6903770379999,162.8634531179999,162.89913438699992,142.21621704101562,161.88650512695312,164.15845316999994,163.61428835899997,169.8962540746,167.43428968259997,150.9390869140625,169.27862548828125,188.91065299499994,170.15757660199995,165.68886690099993,176.8361053466797,147.0901641845703
378.662842,429.96920968199987,494.64959225200016,476.7641396720002,370.9081726074219,508.8403015136719,481.9208984375,424.34945560799986,469.2732500469999,473.82504675200005,437.7518005371094,479.7832336425781,454.3738312359998,446.610757335,464.5563985699999,463.9541576419999,378.8697204589844,413.1925048828125,453.61484043999985,476.253940128,472.284494511,441.6877746582031,375.4578857421875
212.8216907,293.6126850149999,284.81474231599975,280.4401603609998,272.5219421386719,258.18096923828125,259.17266845703125,295.38397612699987,273.97009093599996,271.6971876299999,256.0103759765625,263.8904113769531,300.9327772939999,271.21237737800004,277.423972174,280.5954468550001,266.8953552246094,254.696044921875,299.36823573599986,285.91156130599967,276.82641612999987,279.5220642089844,284.9964294433594
118.4270003,220.17107350599997,166.0686327499999,162.3632971769999,219.1867218017578,164.85769653320312,158.95433044433594,185.66717514699994,173.25167085699988,173.15243221099993,164.49217224121094,170.59376525878906,186.60082484699993,173.15058965599985,169.3712955449999,177.33980901899992,172.18582153320312,168.46617126464844,210.391563917,172.1100332999999,168.16498997999992,196.39381408691406,164.03512573242188
97.5067971,108.70614637029992,119.60665198779994,109.41705914839991,119.15301513671875,128.0040283203125,89.68498229980469,108.0603519869999,93.99602414559993,92.59697188419996,99.44734954833984,105.90726470947266,115.1032790535999,113.81934821779998,116.61787255849998,112.8962868019999,146.40020751953125,115.387939453125,112.79006810269993,115.30794806229997,112.30301790679992,169.6363525390625,160.9828643798828
108.4603396,162.90417692400007,147.099099771,145.07381597460002,135.21795654296875,158.04995727539062,136.37539672851562,145.78590026900002,143.7858064806,142.92648557910005,145.19500732421875,150.37066650390625,151.61244277100005,143.64582370300002,135.58786863699999,137.7032120513,151.24974060058594,157.5940399169922,161.95580958100004,152.6599648222,143.03755568459997,151.9191131591797,153.29702758789062
136.6573523,132.1091684491001,120.60546236660008,118.9931819598001,126.2022476196289,124.80949401855469,118.29570770263672,130.48744475800007,119.03547843170004,117.55930031720007,143.66867065429688,93.07513427734375,131.3247409758001,112.70543168070002,103.75730357140003,106.74129790640006,111.23827362060547,124.06945037841797,132.24851532330007,123.47163323870006,116.59438658640009,126.44970703125,110.48625183105469
123.3888692,91.12805234949995,90.13929045099998,90.26378123979995,77.22596740722656,91.50424194335938,90.96928405761719,89.62752103749996,95.6714701999,95.34810768419997,66.19672393798828,85.66138458251953,102.91484058239993,90.76401478659996,97.02734087749997,96.49812163719994,77.79454040527344,104.58456420898438,91.07775717899993,98.20858447869999,90.01668059699999,78.3198013305664,90.84711456298828
323.1322016,203.76840134700012,212.25399427200009,225.54994398800008,141.6583251953125,236.8449249267578,230.591552734375,186.140931724,225.4328841700002,221.78490365000008,192.1625518798828,240.199462890625,212.34306592520022,230.72560993060011,214.54579770019998,218.79663308960008,243.11354064941406,229.65542602539062,215.8061083740001,216.02206809900005,219.31099270100006,208.4169921875,198.94200134277344
291.0222916,224.557331734,235.4537607770001,240.22110037300007,247.711669921875,239.5750732421875,230.24510192871094,223.3816496190001,238.51029661900003,238.94447242099992,223.8854522705078,239.50723266601562,220.328420596,239.90298471100002,235.8588540060001,240.9234194500001,234.08877563476562,231.15911865234375,243.69473715900006,227.721283923,231.12219712700008,220.82427978515625,245.94065856933594
114.4435558,113.55444233949993,110.15194670489998,122.58385597850005,99.1324462890625,110.2690658569336,99.535888671875,115.00147005299985,121.58691476470003,121.6964167431,119.32414245605469,108.09295654296875,114.31027843599993,117.83251905940007,115.74535057369998,118.56527866530001,89.33149719238281,109.48431396484375,118.5163463453,113.87458538719997,120.4605057053001,85.74125671386719,84.63843536376953
259.6396345,246.05159978900002,295.40919381699996,271.57605887600005,219.07252502441406,294.5976257324219,318.9996643066406,263.9526824020001,283.15175457900006,283.581758035,247.8044891357422,230.3221893310547,262.2422525099999,272.4992183040001,274.12461168899995,271.70977243100003,263.2881774902344,255.20921325683594,257.139493002,275.35202031500006,275.1223757060001,240.95745849609375,235.03564453125
432.1895773,834.9946135849995,805.5005408199999,821.8555176699997,767.2797241210938,709.9176635742188,694.8922119140625,834.9210076189994,804.8837717520001,814.5496550339998,704.5841064453125,752.3232421875,849.0921839100001,820.3970507409997,823.5806014039997,831.37663483,695.4845581054688,720.9944458007812,823.7018695229996,814.4990399129998,819.7965107639998,682.3482055664062,750.3140258789062
316.3171075,449.4453141499996,416.04626030199984,414.7353305879998,516.329345703125,405.17120361328125,374.5958251953125,475.1092415709994,391.2199550119997,392.20737646099974,508.3976745605469,429.7428894042969,434.2854766589995,390.6402257979998,393.16515211899974,392.92026576699965,491.43743896484375,410.2229919433594,439.86389390999966,406.7049654149998,399.39914038199976,501.236572265625,488.66595458984375
269.096609,261.4587055419999,296.5889037569998,282.33033562899993,214.64256286621094,248.3085174560547,237.52093505859375,275.38192247999996,272.6712504429999,268.46072898599994,220.90261840820312,280.0679016113281,273.883290445,255.50983687199982,264.7063543209999,257.83319449199985,323.75,253.17408752441406,254.9397561099999,297.3180090509998,278.01359564499995,223.15432739257812,232.1906280517578
189.9407307,221.22830990799997,200.381505258,210.3386280609999,159.46641540527344,157.2661895751953,211.3394317626953,214.12100883399992,219.00553260599995,225.53317028699993,206.34266662597656,239.78396606445312,228.102001195,212.30856837299984,210.34041962499984,212.77759001999988,270.6442565917969,191.9119110107422,233.159947036,226.17049864899988,201.73076143799983,188.10511779785156,178.72689819335938
101.6520842,100.32626513079997,123.3884060978999,134.01635733579988,114.27149963378906,140.20896911621094,132.89944458007812,118.19245021759994,142.01084343159982,143.5852369814999,119.6738052368164,135.56219482421875,108.26395865199989,128.84197940509992,131.0784416959999,137.33589510480002,116.66498565673828,157.29840087890625,107.83334276389996,129.3721787069999,124.2239526650999,118.22307586669922,115.01518249511719
268.6469827,241.206027039,275.50429855999994,282.9155837289999,284.76336669921875,315.82537841796875,316.8716125488281,228.28392974599998,286.77627697100013,286.07076258200004,260.41748046875,305.1183776855469,246.44706268099995,283.8103734929999,285.2775903279999,282.98251817999994,229.3340606689453,261.3988037109375,268.97472845500016,250.16789820099993,279.51074722799984,312.4862976074219,237.16531372070312
259.3776582,307.5470229460001,303.894137206,304.5190661040001,283.69390869140625,265.2093505859375,313.0254821777344,312.472178164,320.61214319100003,311.147056224,287.1609802246094,269.7674255371094,297.03251813399993,305.7681450179999,299.819638997,309.76085841599996,274.3713073730469,315.4862060546875,298.306931254,320.4538548080001,320.380404965,292.9912109375,303.5473937988281
227.8492855,218.88571559499994,213.9555147949999,220.19973129899986,202.03298950195312,214.2076873779297,206.84555053710938,240.30987616899986,225.26676543699986,225.59110202,223.63217163085938,188.07154846191406,249.5328537479999,234.41201636299994,228.20004725299978,235.68287292299982,273.87957763671875,200.47584533691406,235.52120130899996,238.67864983299984,227.42647114499982,261.6672668457031,232.00067138671875
127.63719,171.25308366759998,181.25781562459994,168.2182985677999,155.6461181640625,169.45323181152344,174.83468627929688,170.21135237719997,169.54440375659996,165.99952347299998,158.54685974121094,180.11524963378906,176.27988659339994,174.40902002819996,179.45082110339993,175.2185388413999,177.43309020996094,169.96670532226562,177.11408324319993,177.08856198819998,182.35468608799994,185.0093231201172,165.9342803955078
158.8553518,33.53387500950001,32.10298693199999,30.2578142301,44.065547943115234,34.875221252441406,52.718284606933594,32.320278640900014,33.959261752299994,35.96589246229998,45.969947814941406,28.80966567993164,34.1504344937,35.37717329680001,38.1632415296,35.42187828849998,29.36583137512207,19.79397201538086,42.00808865160001,33.15020392800001,30.413109204600005,29.834228515625,50.205650329589844
266.6436798,179.859476488,187.40742316700002,198.69870979339993,172.0855712890625,180.5081024169922,205.9793701171875,189.78876021899998,208.76282176299995,204.56655559999996,211.48065185546875,194.26849365234375,215.0150167890001,213.93158849339997,220.22903576579992,224.36419275339998,241.65780639648438,192.28089904785156,180.237613683,203.404063695,206.78081430299994,195.17874145507812,268.9259338378906
606.9688341,807.2128781889993,780.3760259639997,751.7116377649998,712.4099731445312,591.4284057617188,643.1947021484375,812.5195615679997,779.7918904060002,778.4295536969998,683.7968139648438,673.8914184570312,764.8726847390001,734.7456937499999,774.3783770390002,727.8328669660001,639.0648193359375,524.617919921875,763.8400358419997,762.8712588579998,785.4692065159996,650.720458984375,664.2813110351562
427.6693878,307.4253455139999,318.1441235269999,326.03480999400006,311.90765380859375,337.2759704589844,288.6185607910156,328.589626816,317.8418297380001,318.81680317900015,288.17559814453125,379.43896484375,332.3163983160001,326.418571698,320.996013759,331.6191084549999,337.8052062988281,290.1451110839844,345.1011023139998,329.615154928,314.619286101,347.62896728515625,373.6716613769531
579.3536984,483.2993315170001,487.7233549460002,479.34983618699977,538.9653930664062,405.7761535644531,403.94683837890625,464.119284325,458.4126530529999,465.7896040949998,482.33160400390625,454.646240234375,508.93531157500024,466.92173199399986,456.0437662139997,463.5889208829997,528.5160522460938,440.5281677246094,496.5919629070003,482.07726952000024,479.1684061710001,527.514892578125,493.11474609375
754.4768539,915.7303107740004,906.1079739150002,904.5982432549999,940.0444946289062,892.1212158203125,900.63330078125,915.7416799880002,891.7828055330001,897.4611158140001,900.806884765625,909.2437744140625,914.0590613040002,904.0867901440004,878.930964294,870.3064180619997,948.8514404296875,946.520263671875,914.3240096110002,906.0914584520002,901.7280413700003,890.7305297851562,886.4747314453125
251.2700227,389.3555346669998,355.1591448709997,322.1895347329998,428.03204345703125,318.8721618652344,285.27996826171875,389.2812671019998,356.0590780769998,340.89109160299967,363.86724853515625,279.5317687988281,406.17910056799985,333.9986210789999,336.9954334149998,329.7279249039998,369.4353942871094,307.8590087890625,379.62398632399965,354.88597260399985,321.18592835099986,325.45550537109375,327.46783447265625
859.0937343,917.1955581860003,902.8580115230002,888.741676158,948.8441772460938,943.9590454101562,946.1074829101562,915.7416799880001,886.5021231520003,880.5063418760005,948.8856811523438,942.8480224609375,914.0590613040002,874.9999808620004,859.4577417539997,866.9823221190002,948.8514404296875,912.0941162109375,915.7892570230002,894.5127410930003,892.1444680370004,948.8093872070312,948.9138793945312
348.8724551,319.0083184570001,324.7039385669998,327.657477111,315.8782653808594,322.8553771972656,334.0995788574219,307.75010482499994,320.06155341500005,317.069306291,337.87103271484375,333.63897705078125,323.650437322,321.44764702099985,319.8631851379999,327.11844390500005,314.9162902832031,335.9817810058594,332.4174286659999,325.9082018980001,330.0486615639999,337.2331848144531,344.8067932128906
367.8348902,336.56188882900017,341.36662664700003,346.95231036200005,236.60940551757812,363.3330383300781,390.5704650878906,346.542644468,363.37118542699994,369.0600671680001,241.20558166503906,367.24554443359375,318.375193735,345.0462316490001,350.8874933150002,363.2044327760002,307.29156494140625,402.08740234375,341.39293851360003,330.5038772940001,356.012784354,251.3070068359375,204.6464080810547
259.5649564,317.194601467,237.98911810359988,251.4543814415998,329.1412658691406,228.096435546875,242.60565185546875,314.6039472400001,241.36355203459993,240.7276153422,296.7978210449219,222.71856689453125,337.3501326269998,252.25557943039985,244.85662897639995,244.31370252939988,315.7319641113281,259.2856140136719,305.6045066429999,230.28884612059994,260.4276239069997,357.37847900390625,352.2294921875
123.7403206,110.60207188959997,110.83999887299997,112.9733371472,154.722412109375,130.82968139648438,147.48245239257812,125.91639344359996,123.137630065,119.1022331671,137.31288146972656,128.2582550048828,118.67737677329998,130.0386751952,121.61664121090003,116.97598069570003,134.2684326171875,184.41355895996094,119.25514503329998,115.86093094489993,112.46070201030001,151.38400268554688,166.77114868164062
846.7707322,599.4443669310008,614.5077016200006,620.3225469820004,604.84765625,486.9497375488281,465.17291259765625,618.7505676870006,611.3778263140005,617.8539797710005,542.8282470703125,521.98193359375,654.2722196770003,632.0649401770004,622.0908145340001,636.8463189320003,638.4630126953125,590.5101928710938,607.4479374290007,627.6760651290003,611.2952209930006,647.8221435546875,675.2953491210938
144.2678515,181.07492415900006,182.22467036320006,185.3642288504,215.85748291015625,196.73629760742188,186.65415954589844,168.50567303800003,181.12882502899996,186.26519925700003,202.07977294921875,181.0340118408203,181.0055000560001,179.857684275,178.69702191179988,176.6409710452999,174.83404541015625,171.36119079589844,184.30097007500004,175.45849992939992,177.6195525822,191.7866973876953,150.84054565429688
211.8807484,324.32901022400006,289.74090971300006,282.3754716249999,339.0381774902344,263.7430114746094,247.69036865234375,326.66449234699996,281.29610934099975,280.7355020989997,342.10821533203125,267.8135070800781,330.6142585039999,286.0867413459999,290.554873391,275.86782224600006,347.5849914550781,234.04615783691406,341.6435757589999,288.65413252699994,279.157240101,357.26263427734375,347.6944885253906
152.9932308,236.8486979840001,227.4041404280001,240.83470236499994,250.86659240722656,212.1158905029297,204.51718139648438,242.86047545400012,247.94831756800016,246.170642469,243.8185272216797,226.99557495117188,249.7966936730001,243.88853382699995,245.04206717900004,240.82830288700006,236.50146484375,209.69630432128906,237.68460263700018,238.25795078400014,236.137134922,222.7816925048828,247.52822875976562
319.1418125,301.622072431,283.20830875399986,282.56760891499994,318.416748046875,239.6599884033203,255.62225341796875,303.2365949109998,275.15017118899993,277.05591600599985,329.9703369140625,225.4639892578125,267.6453831739999,278.3272487199999,278.7352025279999,291.8104098859999,229.3237762451172,258.0319519042969,272.26946217500006,271.45007900999985,285.82105483499976,214.41929626464844,270.2360534667969
101.9220971,112.79637535620003,96.64763540880006,89.89593410410002,98.64615631103516,75.1224365234375,59.29661178588867,90.48661145510003,84.9062130674,82.71725435839998,76.6291275024414,84.26875305175781,89.67801868900006,89.11825410050005,88.7646561385,88.60954641599996,71.38890838623047,84.29883575439453,109.32245455830005,90.68517090210004,90.98910239170002,73.96903991699219,78.71294403076172
120.0980805,246.00965004100001,217.1751998240001,202.64937693400003,278.9791259765625,284.8312072753906,276.37249755859375,217.62527904200007,198.2018485140001,200.47617177300006,253.27658081054688,219.21070861816406,204.424171285,193.6241403832,204.12772438320005,212.06670898840005,313.58599853515625,205.8449249267578,250.0718170230002,227.381135875,211.62640452700015,283.3616027832031,246.41720581054688
216.4934103,252.23706958200015,250.15047033899998,243.98313180699998,235.77037048339844,228.7571563720703,211.580322265625,262.6436676749999,246.02015429500017,244.82218570500018,268.43402099609375,247.0016632080078,251.2680116139999,244.86013371400014,241.7194590240001,242.40817535500017,238.7740936279297,234.69741821289062,244.19016648399986,253.74255222400018,244.39408840800013,238.96644592285156,255.46087646484375
405.7847194,522.3687364140003,475.39857922600015,471.033210116,509.668701171875,501.717041015625,468.0310363769531,514.4779678270002,475.83438801299997,476.7659701560001,473.8625793457031,531.6025390625,477.542891414,469.0430228110001,464.738968523,463.49657757200026,475.6449890136719,463.5266418457031,499.1597846280003,461.996241244,471.210327836,495.1935119628906,476.742431640625
572.8125791,368.9782397579999,352.213926084,355.78170370199996,370.1474609375,374.416015625,344.24676513671875,355.6638329039998,352.97502366000003,349.07768512900003,352.0939636230469,368.2740783691406,351.6903519259998,347.78197917599994,331.3536360359999,334.49884649499995,390.8365783691406,369.4774169921875,367.5756700509999,356.2943211189998,352.3128208619999,332.18212890625,356.89971923828125
267.4019719,266.8065321999999,260.00353955199995,267.034254785,226.9724884033203,248.4132537841797,219.97906494140625,280.03923670899985,260.81794894899986,268.9653755399999,260.5559387207031,248.95040893554688,257.14613333600005,256.49282591,260.94879117999994,271.44792483500004,215.70556640625,244.38584899902344,260.80308314100006,274.8211117559999,269.611995087,304.0575256347656,282.94171142578125
336.4960852,321.07035015299994,324.03651495500014,292.14126207899994,321.7552185058594,353.9386901855469,365.51043701171875,326.6549047579998,301.86038983,301.85862795699995,363.0457763671875,308.24273681640625,325.869973498,304.3966715169999,295.9297478879999,291.20730920699987,406.25189208984375,344.5285339355469,341.5786837989999,321.355783783,299.28556090800004,373.0682678222656,372.34796142578125
237.3060843,184.77813416800004,232.695746417,224.54471560000005,151.48251342773438,254.7884063720703,266.9146423339844,212.43241659500006,228.324709885,229.70291334600003,239.91864013671875,228.61871337890625,222.88301420200003,231.46519889799998,234.84242936400003,230.29826988600004,250.17977905273438,256.623046875,200.41476935799997,235.64103491400002,238.47596922899996,171.04408264160156,189.889892578125
450.5476028,344.65494085700004,366.17897880099986,366.85366288299986,336.7493896484375,356.0267333984375,343.15216064453125,325.25553256300003,363.9782748599999,377.8102882289999,298.9272155761719,394.321044921875,346.5203193349999,359.979327641,362.99096468699975,376.36002124699985,296.1849670410156,280.7876892089844,305.9392793439999,351.53805630699986,371.0445131149999,270.4365539550781,371.392578125
256.9486138,355.5932884150001,351.3924466370001,340.238575697,371.5975341796875,336.77886962890625,310.9040832519531,383.48289309300003,329.7162097440001,320.38861868099997,431.4081115722656,373.6754455566406,366.87149985000013,332.6630576810003,346.32514722,345.5432139700001,425.3629150390625,350.9962463378906,374.66054188800007,340.785387884,322.95869069700007,409.0507507324219,385.54852294921875
245.0498322,185.2249782835997,171.29678902199984,181.08349933199992,198.20843505859375,200.99623107910156,188.1802978515625,184.84265967679983,193.14476242099983,184.7701218455998,166.62039184570312,213.25201416015625,169.1151586131998,179.4550540473998,182.41695287439995,184.55005000699995,194.1803741455078,192.91259765625,184.39684425099972,172.9906843597999,187.36319774799986,201.7940673828125,175.49781799316406
285.7139923,324.9542597549998,308.3482507109997,308.1544552899997,306.25372314453125,257.91693115234375,270.27227783203125,359.81252028699987,303.61907460399965,298.6072437019998,283.28619384765625,237.94741821289062,367.41644970499976,303.0778155079998,307.4872419079999,293.73262131799993,294.9830627441406,251.13807678222656,318.72073877799966,331.9331179249997,300.9627707439998,304.04052734375,244.00572204589844
289.3753863,278.23476671099996,263.0319668059999,263.8480679159999,265.7778015136719,233.5771484375,240.9143524169922,274.1572446819998,261.8512185119999,262.44783449599976,262.87255859375,257.1859436035156,277.03596153399985,275.3541515269998,270.0967120119999,274.505603911,244.59780883789062,264.15411376953125,277.0997973349998,265.4753354469998,259.76174312799975,241.69964599609375,261.1142578125
113.7321364,146.11061573169994,131.26121159649995,124.07218029379992,131.1071014404297,127.90724182128906,105.7803726196289,133.34112582319992,130.06518458129986,127.72840783819993,135.23309326171875,136.74545288085938,125.59097247399994,121.47591079449992,116.67571058259996,120.13963150610005,136.6090850830078,121.18302154541016,126.95143833409988,135.45052104229995,127.47453495589987,140.99732971191406,133.35794067382812
92.17621246,119.16971380199993,116.74253293039997,125.95657061939994,99.64624786376953,120.97319793701172,115.24842071533203,108.65873620739993,118.08816136659992,121.64365180519997,93.06111907958984,126.75471496582031,119.54339394559993,126.54746924079993,123.22735935919997,120.27860655099998,130.68667602539062,112.92749786376953,121.28174042339988,116.90792996519997,128.85439104699998,127.7426986694336,104.99446105957031
106.4584138,105.38680987679987,115.55753104989985,121.14074033419988,98.66338348388672,127.8826675415039,130.559814453125,112.67722884879993,114.66757611519986,114.29577810329985,111.80245971679688,133.97523498535156,108.75514688879996,112.7686181397999,107.5099591243999,106.92269535579992,113.04521179199219,111.9322280883789,114.06051746129984,117.18007364489982,115.01576303539989,122.5357437133789,124.34239196777344
641.4392977,495.6937540339999,459.03467021399973,478.404713677,501.60626220703125,420.8242492675781,398.3694152832031,476.3559110050002,495.4786021759999,492.1868813280001,422.5367736816406,472.04180908203125,523.0162826690002,452.67073678999986,448.3078667939998,460.7431435799998,424.3183288574219,509.2142639160156,473.9286279770001,478.51833968799997,470.48086738199993,500.4230651855469,529.0419311523438
130.8246908,104.11056013460001,93.99800703000004,99.68391038060003,115.096923828125,95.63783264160156,89.190185546875,106.79736128480008,106.59106916389996,105.97229225820001,115.49575805664062,111.05870819091797,103.84848341099998,92.73680118699998,96.09407824689998,98.8212469036,91.09757995605469,82.833984375,107.51069937490003,95.79883482810008,100.79413024470004,107.08125305175781,93.70853424072266
